,claim,posted,source,rating
0,“She’s just casually carrying a body with 1 hand..? Sure.. More evidence of coronavirus being a complete hoax with props & street theater.”,"June 3, 2020",Viral image,false
1,“You see suicide rates are skyrocketing now…”,"May 26, 2020",Tim Murtaugh,false
2,"“According to the CDC, so far this year, Florida has had 1,762 deaths from COVID-19 and 5,185 from pneumonia. Average pneumonia deaths in Florida from 2013-2018 for the same time period are 918.”","May 27, 2020",Facebook posts,false
3,Says Nancy Pelosi tried “once again” to include abortion funding in the latest coronavirus bill.,"May 13, 2020",Bloggers,barely-true
4,"“The new Dane County lockdown policy… (has) effectively killed Badger football, hockey, and basketball for 2020.”","May 19, 2020",Scott Manley,barely-true
5,“Two-thirds of Americans disapprove of Donald Trump not wearing a face mask in public.”,"May 27, 2020",Darren Jackson,true
6,Says President Donald Trump “took more than a month to allocate Congress’ emergency funding to tribes — and only did so after tribes sued.”,"May 21, 2020",Joe Biden,mostly-true
7,"“With retail, people are moving around and you don’t have as much a chance to spread the virus (as you do) when people are sitting or standing indoors” for long periods of time.","May 12, 2020",Roy Cooper,mostly-true
8,"""The Trump Administration is trying to take food assistance away from Wisconsin families when people are out of work and struggling.""","May 15, 2020",Tammy Baldwin,half-true
9,"“For the World Health Organization, the international entity whose sole responsibility it is to alert the world of global pandemics like this, to miss this, is a huge problem.”","May 5, 2020",Brian Fitzpatrick,barely-true
10,Says researchers found a “fabric that kills coronaviruses”,"May 21, 2020",Facebook posts,mostly-true
11,Michigan governor reopened Traverse City “so she could have her daughter's open house.”,"May 20, 2020",Facebook posts,false
12,"Says Ohio Gov. Mike DeWine released 4,300 prisoners and is now warning residents of a possible crime wave.","May 16, 2020",Facebook posts,false
13,"Says President Donald Trump is trying to make $451 billion in Medicare cuts ""in the middle of a deadly pandemic.""","May 19, 2020",Priorities USA Action,barely-true
14,"“We’re down near the low end of per capita deaths ... Most places are at 60 deaths per 100,000. We're at 29.”","May 27, 2020",Joe Kernen,barely-true
15,“This is what Bill Gates and George Soros want to do… secretly stick you with a chip while testing you for the coronavirus... the Dems have a bill on the House floor ready to vote on it to require this.”,"May 10, 2020",Facebook posts,false
16,"Says the state “health secretary says don't go to hospitals or clinics, now the tourism secretary says don't recreate.”","May 26, 2020",Tom Tiffany,barely-true
17,"Italy “went against the WHO's ‘law’” against COVID-19 autopsies and “discovered covid is not a virus, but a bacterium” that “clots the blood and reduces the oxygen saturation.”","May 26, 2020",Facebook posts,false
18,"“Cases, numbers and deaths (of COVID-19) are going down all over the Country!”","May 24, 2020",Donald Trump,half-true
19,The flu didn't kill any Americans this year.,"May 16, 2020",Facebook posts,pants-fire
20,A photo shows three men on crosses who “feel like they’re being crucified by being required to stay at home.”,"May 22, 2020",Viral image,false
21,"Says Michigan Gov. Gretchen Whitmer’s family spent May 20 at her second home, breaking her own stay-at-home orders.","May 20, 2020",Facebook posts,false
22,A photo shows Gov. Gretchen Whitmer “on Mackinaw Island today ignoring mask and social distancing rules.”,"May 24, 2020",Viral image,false
23,"Nancy Pelosi said ""Congress shall not vote remotely because it is not secure!"" while also saying that “Americans should all vote for president by mail!”","May 10, 2020",Facebook posts,barely-true
24,"“[U.S. Rep. Conor Lamb] said he would NOT vote for [Nancy Pelosi] for Speaker, and did.”","May 25, 2020",Donald Trump,pants-fire
25,Texas and Florida have a “balanced budget” while California is “in debt $54 billion and New York is “in debt $6.1 billion.”,"May 18, 2020",Facebook posts,false
26,"Amid the COVID-19 outbreak, “Minnesota now has the highest unemployment rate in U.S. history.”","May 6, 2020",Facebook posts,barely-true
27,“Children don’t seem to be getting this virus”,"April 28, 2020",Janel Brandtjen,barely-true
28,"“While California is dying … Gavin (Newsom) is vacationing in Stevensville, MT!”","May 18, 2020",Facebook posts,false
29,“The COVID-19 future vaccine will come with the ID — a mark. The ID tells everyone you are free of COVID.”,"April 11, 2020",Facebook posts,false
30,"Says if you're refused service at a store for not wearing a mask “call the department of health and report the store. Masks are suggested, not required.”","April 28, 2020",Facebook posts,false
31,“Italian Parliament Calls For The Arrest of Bill Gates”,"May 15, 2020",Bloggers,false
32,A long list shows “new CDC guidelines for reopening schools.”,"May 20, 2020",Viral image,mostly-true
33,"Says Joni Ernst ""claims she ‘pushed for’ new funding for hospitals and COVID-19 testing after opposing It for weeks.”","April 21, 2020",Iowa Democratic Party,half-true
34,"The U.S. had 44 CDC staffers “in China to observe what was going on. (President Trump) brought home the vast majority of them, I think left only four in place.”","May 14, 2020",Joe Biden,half-true
35,"“If you have had a flu shot in the last 3-5 years, you will probably test positive” for COVID-19.","April 27, 2020",Viral image,pants-fire
36,“80% of the people” want the option of vote by mail,"May 16, 2020",Amy Klobuchar,half-true
37,Says a warning label on a box of disposable masks shows that they are ineffective at protecting against the spread of COVID-19.,"May 16, 2020",Facebook posts,false
38,“Almost 75 percent of the deaths from COVID-19 in the state of Texas are a result of people contracting COVID-19 who are age 65 and older.”,"May 5, 2020",Greg Abbott,mostly-true
39,The novel coronavirus was “man-made.”,"May 15, 2020",Kimberly Lightford,false
40,“Half the workforce in the country may have just been idled” by coronavirus.,"April 24, 2020",Dan Bishop,barely-true
41,"“Due to the large number of people who will refuse the forthcoming COVID-19 vaccine because it will include tracking microchips, the Gates Foundation is now spending billions to ensure that all medical and dental injections and procedures include the chips.”","May 13, 2020",Facebook posts,false
42,"“VA Democrats authorized for early release over 4,000 inmates, 60% of which are incarcerated for violent offenses.”","April 28, 2020",Nick Freitas,mostly-true
43,"“A lot of people can get an additional $2,400” from the CARES Act “and they can do it every month!”","May 19, 2020",Instagram posts,barely-true
44,"“If you look at the one (hydroxychloroquine) survey, the only bad survey, they were giving it to people that were in very bad shape. They were very old. Almost dead.”","May 19, 2020",Donald Trump,false
45,"If you paid rent in March or April, “they got to give” you your money back.","April 22, 2020",Facebook posts,false
46,“Bill Gates Explains That The COVID Vaccine Will Use Experimental Technology And Permanently Alter Your DNA”,"May 15, 2020",Facebook posts,false
47,"""All Missouri businesses can open Monday, May 4, under our new Order as long as new guidelines are followed.""","April 27, 2020",Mike Parson,barely-true
48,Says President Donald Trump is “morbidly obese.”,"May 19, 2020",Nancy Pelosi,false
49,"“Autopsies prove that COVID-19 is” a blood clot, not pneumonia, “and ought to be fought with antibiotics” and the whole world has been wrong in treating the “so-called” pandemic.","May 11, 2020",Facebook posts,pants-fire
50,“Gov. Wolf is not allowing companies that distribute U.S. flags to ship out orders to be placed at veteran’s graves for Memorial Day.”,"May 11, 2020",Facebook posts,mostly-true
51,Says wearing face masks is more harmful to your health than going without one.,"May 8, 2020",Facebook posts,false
52,"""States like New York, Illinois and California have been vocal in their demands for funding to bail out their pension systems, which were failing long before the COVID-19 outbreak, and other programs that aren’t related to this crisis.""","May 7, 2020",Andy Biggs,false
53,Dr. Fauci says every American should be microchipped.,"May 15, 2020",Facebook posts,false
54,Says kitchen worker in viral video is potentially spreading coronavirus by blowing into food containers.,"March 14, 2020",Viral image,false
55,"If masks prevent coronavirus, governors would have given them to prison inmates instead of releasing them.","May 14, 2020",Facebook posts,false
56,Anthony Fauci was on the Clinton Foundation board for 20 years and “currently serves on Gates Foundation.”,"May 12, 2020",Facebook posts,false
57,“Bill Gates admits his COVID-19 vaccine might kill nearly 1 million people.”,"April 30, 2020",Facebook posts,pants-fire
58,“Hydroxychloroquine cures this ‘virus.’ It just so happens this is the treatment used for radiation sickness!!”,"May 14, 2020",Facebook posts,false
59,"Hospitals get paid $750 for patients who die from the flu, $17,500 for COVID-19.","April 27, 2020",Facebook posts,false
60,"“Pelosi’s new coronavirus bill allows illegals to receive billions in relief funds in past, current, and future payments.”","May 12, 2020",Facebook posts,mostly-true
61,"“Cannabis may stop coronavirus from infecting people, study finds.”","May 14, 2020",Facebook posts,barely-true
62,"""Bill Gates worked to end livestock production, and is pushing lab grown meat.""","May 4, 2020",Facebook posts,half-true
63,"Says only certain face masks are effective and others, such as cloth masks, are not.","April 2, 2020",Facebook posts,false
64,"Nancy Pelosi said, “if you accept a check from Trump, you might as well vote for him.”","April 15, 2020",Viral image,false
65,"“Beachgoers trash Florida beaches with 13,000 pounds of litter after beaches reopen.”","May 12, 2020",Facebook posts,mostly-true
66,Says Wisconsin has not had a spike in coronavirus cases that was “statistically significant related to the fact that they had voting.”,"May 6, 2020",Chip Roy,mostly-true
67,“You have areas of Pennsylvania that are barely affected and [the governor wants] to keep them closed.”,"May 14, 2020",Donald Trump,half-true
68,Says Gov Tony Evers’ administration deemed dentists non-essential,"May 12, 2020",Janel Brandtjen,false
69,"$100B contact tracing bill “is about controlling/tracking population, not about coronavirus.”","May 12, 2020",Facebook posts,false
70,"“It’s not that there’s a virus shield between Canada (4,500 deaths) and the U.S. (80,000 deaths). What exists is a difference in leadership.”","May 9, 2020",Facebook posts,half-true
71,"“Since the reopening of (Georgia), we’ve seen our COVID rate skyrocket by 40%.”","May 7, 2020",Stacey Abrams,false
72,"“Clearly, the Obama administration did not leave any kind of game plan for something like this.”","May 11, 2020",Mitch McConnell,pants-fire
73,"""93% of the (COVID-19) cases in the state of Illinois have come from Chicago.""","May 1, 2020",Darin LaHood,false
74,Gates Foundation stands to make nearly £31.5 billion on a coronavirus vaccine in U.K.,"May 6, 2020",Facebook posts,false
75,"$3 trillion for federal coronavirus stimulus packages is ""being borrowed basically from China.""","May 6, 2020",Rand Paul,false
76,“It’s not the coronavirus that’s killing people. It is the economy.”,"April 23, 2020",Bloggers,false
77,"“Guess what, [children are] not at risk unless they have an underlying medical issue.”","May 9, 2020",Mike Turzai,false
78,"“Germany and the United States are the two best in deaths per 100,000 people, which, frankly, to me, that's perhaps the most important number there is.”","May 11, 2020",Donald Trump,false
79,"Says President Donald Trump implemented “a travel ban that just didn't work, 400,000 people got in from those countries that were subject to the restrictions.”","May 11, 2020",Chris Murphy,false
80,"New York City could pay to house its homeless population in hotel rooms currently sitting vacant, but Mayor Bill de Blasio “has absolutely to this point refused to do that.”","April 8, 2020",Coalition for the Homeless,mostly-true
81,Says gloves shouldn’t be worn in public because “if you are wearing the same set of gloves all over town you are only spreading germs everywhere you go.”,"May 5, 2020",Facebook posts,true
82,“Nearly half of (Missouri) counties have not reported positive (COVID-19) cases.”,"April 21, 2020",Louis Riggs,false
83,"Under an 1866 Supreme Court ruling, stay-at-home orders are illegal and can be disregarded with impunity","May 9, 2020",Facebook posts,pants-fire
84,"Young people ""have a greater chance of being killed by the HPV vaccine than COVID-19.”","April 28, 2020",Jeff Shipley,pants-fire
85,"""Mitch McConnell said he wanted states to go bankrupt instead of the federal government providing relief. Today, Thom Tillis agreed.""","April 24, 2020",Cal Cunningham,barely-true
86,“The CDC has recommended mail in voting. That’s what this whole pandemic is about: the election!”,"May 7, 2020",Facebook posts,barely-true
87,"Says Dr. Anthony Fauci's name appears on ""4 U.S. patents for a key glycoprotein” used to “create the current COVID-19 epidemic.”","April 28, 2020",Jerome R. Corsi,false
88,“The mainstream media pretended there was a deadly surge in COVID cases thanks to Wisconsinites voting.”,"May 8, 2020",One America News,pants-fire
89,Technology coming to Virginia allows COVID-19 personal protection equipment to be “decontaminated and reused 20 times without degrading performance.”,"May 1, 2020",Ralph Northam,half-true
90,Barack Obama “is the first ex-president to ever speak against his successor.”,"May 10, 2020",Tweets,false
91,“Dr. Fauci sat on Microsoft’s board of directors.”,"May 7, 2020",Viral image,false
92,"Regarding the risks of coronavirus transmission on an airplane, “It’s as safe as an environment as you’re going to find.”","May 3, 2020",Gary Kelly,barely-true
93,Black cats in Vietnam are being killed and consumed as a COVID-19 cure.,"April 24, 2020",South West News Service,false
94,Georgia Gov. Brian Kemp “mandates restaurants reopen”,"April 29, 2020",Facebook posts,false
95,Central Park hospital tents housed thousands of abused children released from underground captivity.,"May 3, 2020",Facebook posts,pants-fire
96,“New autopsy reports suggest Jeffrey Epstein most likely died from COVID-19 complications.”,"April 20, 2020",Viral image,false
97,Says Mike Pence was caught on a hot mic delivering empty boxes of PPE to a nursing home and pretended they were heavy.,"May 8, 2020",Bloggers,false
98,A photo shows Brian Kemp posing with Gregory McMichael.,"May 6, 2020",Viral image,false
99,“Texas ranks 3rd highest among states for the number of people who have recovered from” the coronavirus.,"May 3, 2020",Greg Abbott,half-true
100,"North Carolina’s health department is ""telling hospitals that if they decide to do elective surgeries, they won’t be eligible to receive (protective equipment) from the state.”","April 23, 2020",Warren Daniel,false
101,“So 2 doctors from Bakersfield discover that coronavirus mortality rate is 0.03%. 13x less deadly than what was previously thought! Their analysis has since been banned from YouTube.”,"April 28, 2020",Facebook posts,barely-true
102,"Under the mayor’s COVID-19 order, Kansas City “churchgoers must register with the government.”","May 1, 2020",Liberty Counsel,barely-true
103,Says the current survival rate for COVID-19 in the U.S. is “98.54%”,"April 14, 2020",Facebook posts,half-true
104,“Immigrants make up a majority of essential workers in places like New York City.”,"April 21, 2020",Kirsten Gillibrand,mostly-true
105,"Media outlets reported that the same boy died 3 times from the coronavirus, in 3 countries.","April 14, 2020",Facebook posts,pants-fire
106,A photo shows Rob Cantrall at a recent Michigan protest.,"May 4, 2020",Viral image,false
107,"Gas is under $1 in 13 states, but $2.27 in Pennsylvania, because of the governor.","May 2, 2020",Facebook posts,barely-true
108,"""Trump bailed out Wall Street, but not Main Street.""","May 5, 2020",Lincoln Project,false
109,Models projecting COVID-19 deaths “are talking about without mitigation.”,"May 5, 2020",Donald Trump,false
110,"""We’ve still had more deaths to the flu this year than we've had COVID-19.""","April 24, 2020",Dan Forest,false
111,"""There was no real scientific basis for believing that"" social distancing would be necessary, ""since it had never been studied.""","May 4, 2020",Laura Ingraham,false
112,"Dr. Anthony Fauci ""has known for 15 years that chloroquine and … hydroxychloroquine will not only treat a current case of coronavirus but prevent future cases.”","April 27, 2020",Bloggers,false
113,"“Governor Andy Beshear has authorized Kentucky teachers to make in-home visits. With parental approval, teachers will inspect the bedroom of each student currently enrolled in K-8.”","April 29, 2020",Viral image,pants-fire
114,Congressional candidate Chris Jacobs “voted against paid leave for COVID-19.”,"April 8, 2020",Nate McMurray,mostly-true
115,"“The flu killed 80,000 people in the U.S. last year”","April 18, 2020",Facebook posts,barely-true
116,“First volunteer in UK coronavirus vaccine trial has died.”,"April 25, 2020",Bloggers,false
117,"“At the end of the year, we put into that federal pot $116 billion more than we take out,” while Kentucky “takes out $148 billion more than they put in.”","April 23, 2020",Andrew Cuomo,half-true
118,“I see no time in the history of this country when perfectly healthy people have been basically confined to their homes or only able to do essential things as in Kansas City or St. Louis.”,"March 22, 2020",Cindy O’Laughlin,false
119,“New York Times editor admits Biden sexual assault story was censored at behest of Biden campaign.”,"April 14, 2020",Facebook posts,barely-true
120,“The (corona)virus just isn’t nearly as deadly as we thought it was.”,"April 27, 2020",Tucker Carlson,barely-true
121,Says Joe Biden has “written a letter of apology” for calling Trump’s travel restrictions from China “xenophobic.”,"May 3, 2020",Donald Trump,false
122,"""Why did the US (NIH) in 2017 give $3.7m to the Wuhan Lab in China? Such grants were prohibited in 2014. Did Pres. Obama grant an exception?""","April 26, 2020",Rudy Giuliani,false
123,Says President Donald Trump is selling coronavirus-themed commemorative coins through the White House Gift Shop.,"April 29, 2020",Facebook posts,false
124,"Walmart, Amazon, Kroger, Target and Costco “have not had any reported (coronavirus) cases in the news.”","April 29, 2020",Viral image,false
125,"Says Wisconsin measures have ""prevented the death of at least 300 Wisconsinites, and perhaps as many as 1,400 lives.""","April 21, 2020",Tony Evers,mostly-true
126,The existence of a canine coronavirus vaccine casts doubt on statements that there isn’t one for humans.,"April 22, 2020",Facebook posts,false
127,"Says President Barack Obama ""signed the medical appliance tax bill that forced companies to outsource manufacturing of masks, gowns, gloves and ventilaors [sic] to China, Europe and Russia to avoid the tax.”","April 23, 2020",Facebook posts,pants-fire
128,The CDC recommends that only people with COVID-19 symptoms should wear masks.,"April 27, 2020",Facebook posts,false
129,“Pelosi was in (Wuhan) China 6 days after the impeachment HOAX failed.”,"April 22, 2020",Facebook posts,pants-fire
130,"“President Trump just announced that the ‘biological’ lab in Wuhan where the COVID-19 virus was created was ‘funded’ by President Barak (sp) Hussein Obama in 2015 to the tune of $3,800,000 American dollars!”","April 22, 2020",Bloggers,false
131,“We’ve tested more than every country combined.”,"April 27, 2020",Donald Trump,pants-fire
132,“Trump and McConnell are blocking stimulus checks for Americans married to immigrants.”,"April 23, 2020",Facebook posts,barely-true
133,COVID-19 is “here to stay” and “we need to accept that and be prepared to deal with COVID long term.”,"April 26, 2020",Facebook posts,mostly-true
134,Michigan Gov. Gretchen Whitmer “has just been stripped of her emergency coronavirus powers by her state legislature.”,"April 27, 2020",Instagram posts,barely-true
135,"“Some states, like Montana and Nebraska, are getting more than $300,000 in federal stimulus money per reported COVID-19 case. New York is the hardest-hit state and yet we are getting only about $12,000 per case.”","April 12, 2020",Andrew Cuomo,mostly-true
136,“We’re also using a sterilization process ― some great equipment that will sterilize masks up to 20 times per mask. So that’s like ordering 20 times more masks.”,"April 23, 2020",Donald Trump,half-true
137,“Small trials” to test convalescent plasma therapy for coronavirus patients “seem to have had some degree of success.”,"April 14, 2020",Jamie Nadler,true
138,"Dr. Anthony “Fauci told us there’s nothing to worry about. That’s his quote, ‘There’s nothing to worry about.’”","April 14, 2020",Steve Bannon,half-true
139,“Ultraviolet Radiation is administered into the body as a disinfectant to kill bacteria and viruses and this has been used for a while now.”,"April 24, 2020",Facebook posts,false
140,"“Sweden has zero lockdown” and “is in no worse shape than Denmark or Norway,” which are in lockdown.","April 19, 2020",Facebook posts,barely-true
141,The government must have planned the coronavirus pandemic because the coronavirus relief bill had been introduced three years earlier.,"April 26, 2020",Facebook posts,pants-fire
142,Mosquitoes can transfer COVID-19 “from person to person”,"April 22, 2020",Facebook posts,false
143,“People defying stay-at-home order fill Arizona beaches.”,"April 22, 2020",Bloggers,pants-fire
144,Says the April 22 jump in COVID-19 cases was related to the election.,"April 23, 2020",Chris Larson,false
145,"Even with no shutdown, Sweden has a lower COVID-19 infection rate than UK, Italy and Spain.","April 17, 2020",Franklin Graham,half-true
146,"In 1986, the founder of the Times Square Church prophesied that he saw “a plague coming on the world and the bars and church and government will shut down,” with New York City especially hard hit.","April 3, 2020",Facebook posts,false
147,“Trump said ‘hundreds’ of governors are calling him…& we only have 50.”,"April 21, 2020",Facebook posts,false
148,"During the 1918 flu pandemic, San Francisco residents formed the “Anti-Mask League.” San Francisco “was ultimately one of the cities that suffered the most with a high death rate.”","April 22, 2020",Facebook posts,mostly-true
149,Says Texas “either is near the bottom or at the very bottom when it comes to testing per capita.”,"April 22, 2020",Veronica Escobar,true
150,“Governor Gretchen Whitmer spent the past weekend at her VACATION COTTAGE at Birch Lake. Violating her own EXECUTIVE ORDER.”,"April 13, 2020",Facebook posts,false
151,"A banner with a swastika, “Trump” and “Pence” is from a Michigan coronavirus protest.","April 17, 2020",Facebook posts,false
152,"North Carolina is ""in the small minority of states that requires an absentee ballot to be signed by two witnesses or a notary public.""","April 10, 2020",Jay Chaudhuri,true
153,"“Hundreds and hundreds of labs are ready, willing, and able.”","April 20, 2020",Donald Trump,barely-true
154,"The Gates Foundation ""tested a polio vax in India between 2000 & 2017 and paralysed 496,000 children.""","April 13, 2020",Facebook posts,false
155,Says Bill O'Reilly wrote a post claiming that the coronavirus was created as a bioweapon by the Chinese government.,"April 11, 2020",Facebook posts,pants-fire
156,Photo shows packed beach of re-opened Jacksonville Beach on CNN.,"April 19, 2020",Viral image,pants-fire
157,"“Face masks being manufactured in China, for example, went to domestic consumption and their own fight against the virus” while the U.S. was “largely unable to import supplies from China.”","April 20, 2020",Marco Rubio,barely-true
158,"“The Democrats are pushing for an implanted microchip in humans, and everyone to be vaccinated.”","April 10, 2020",Facebook posts,false
159,"“The Trump Administration promised 27 million tests by the end of March. As of now, only 4 million have been completed.”","April 21, 2020",Joe Biden,half-true
160,"Racial comparisons on coronavirus statistics in Monroe County, N.Y., show that the impact on minorities is “basically on par, a little bit up, from the population numbers,” meaning that “we don’t see that disparity as much here.”","April 8, 2020",Lovely Warren,half-true
161,"The Gates Foundation ""has the patent for this coronavirus.""","April 20, 2020",Facebook posts,false
162," Trey Gowdy said, “I’m not saying COVID-19 isn’t real…. But pay attention folks, there’s much more going on here than what meets the eye.”","April 22, 2020",Facebook posts,false
163,Nigerians are “burning Chinese stores.”,"April 19, 2020",Viral image,false
164,Virginia has “lagged behind other states when it comes to (covid-19) testing.”,"April 10, 2020",Levar Stoney,true
165,"“Until this week, they [OSHA] weren’t even enforcing these guidelines [for coronavirus]. Still today, OSHA is not specifying which rules employees must follow or how to keep their workers safe and healthy.”","April 15, 2020",Joe Biden,true
166,"Kennedy Center, PBS donated to Democrats after getting COVID-19 stimulus money.","April 2, 2020",Facebook posts,false
167,Joe Diffie’s death was labeled “as a COVID-19 death and it wasn’t!”,"April 13, 2020",Facebook posts,false
168,"""Covid-19 is now the leading cause of death in the United States.""","April 20, 2020",Mandy Cohen,half-true
169,Wisconsin is “clearly seeing a decline in COVID infections”,"April 21, 2020",Wisconsin Republican Legislative leaders,barely-true
170,Herd immunity is probably why California has far fewer COVID-19 deaths than New York.,"April 10, 2020",Facebook posts,false
171,Says Democrats are on vacation until May 4 and “refuse to come back” to sign a bill to help small businesses.,"April 16, 2020",Facebook posts,false
172,Hospitals get paid more to list patients as COVID-19.,"April 10, 2020",Facebook posts,half-true
173,"A photo taken by a journalist showing a beach in Jacksonville, Fla., isn't from after the government
reopened the beach as news reports have claimed.","April 19, 2020",Viral image,false
174,“My wife is suffering from coronavirus and she is pregnant. The doctor said she won’t survive it.”,"April 19, 2020",Viral image,pants-fire
175,Stay-at-home orders “actually are the law of these states.”,"April 19, 2020",Jay Inslee,mostly-true
176,Says Wisconsin’s in-person election has caused a “surge” in new coronavirus cases,"April 17, 2020",Facebook posts,false
177,"“The poor are, ironically, the most likely to be employed in the industries deemed ‘essential’ while their upper-class peers are freed to bunker down for weeks until the first death wave passes.”","March 18, 2020",Facebook posts,true
178,"Says a photo shows the ""SAME EXACT PEOPLE"" at ""two different beaches"" in Los Angeles County and Jacksonville, Fla.","April 19, 2020",Facebook posts,false
179,News photo from stay-at-home protest was doctored to add Confederate flag.,"April 19, 2020",Facebook posts,pants-fire
180,"“Go look at other countries that went through exactly this, started to reopen, and then they saw the infection rate go back up again.”","April 14, 2020",Andrew Cuomo,true
181,"There are “360,000 (deaths) a year from swimming pools. But we don’t shut the country down for that.”","April 16, 2020",Phil McGraw,false
182,"“During the flu pandemic of 1918, some cities lifted social distancing measures too fast, too soon, and created a second wave of pandemic.”","April 15, 2020",Gretchen Whitmer,mostly-true
183,"“Per order from @GovWhitmer, people in Michigan are now banned from purchasing a new baby car seat in stores.”","April 10, 2020",Tweets,false
184,NC liquor stores were deemed essential “because we have a lot of people who are chemically dependent on alcohol and if we suddenly cut off their access they would go into withdrawal and flood the emergency rooms.”,"April 6, 2020",Jeff Jackson,barely-true
185,"“Obesity is, like, the No. 1 factor in whether you really get hit hard by COVID-19.”","April 14, 2020",Ron DeSantis,half-true
186,Says House Speaker Nancy Pelosi deleted a video of her telling people to go to Chinatown.,"April 16, 2020",Donald Trump,false
187,“Africans living in China now being forced to sleep outside in the cold” as “Chinese nationals blame them for the rising number of new coronavirus cases in the country.”,"April 16, 2020",Facebook posts,true
188,"Republicans “have shown themselves willing to cut millions off their health insurance and eliminate preexisting condition protections for millions more, even in the middle of this public health crisis.""","April 14, 2020",Barack Obama,true
189,"If you ask Amazon’s Alexa about the origin of the coronavirus pandemic, it says “the government planned” it.","March 31, 2020",Facebook posts,false
190,"Says all Vegas hotels but Trump’s have donated food, rooms in COVID response.","April 9, 2020",Facebook posts,barely-true
191,"“In a matter of days, and in some cases the moment may even have passed, that we’ve reached the peak of the rate of infections.”","April 15, 2020",Pat Toomey,half-true
192,Says Dr. Anthony Fauci “stands to lose 100 million dollars on Bill Gates ‘vaccine’ for the coronavirus. Because he invested in this vaccine.”,"April 12, 2020",Facebook posts,false
193,"""This is COVID-19, not COVID-1, folks. And so you would think the people charged with the World Health Organization facts and figures would be on top of that.""","April 15, 2020",Kellyanne Conway,false
194,"The $1,200 coronavirus relief checks this year are “just an advance on your next tax return. … Next year, you're automatically going to owe $1,200 come tax season.”","April 12, 2020",YouTube videos,false
195,Says Michigan COVID-19 order bans gardening and the sale of vegetable seeds and fruit.,"April 12, 2020",Facebook posts,false
196,Says 44 senators “voted NOT to send stimulus checks.”,"April 5, 2020",Viral image,false
197,A photo shows two Italian nurses in a hospital a few days before they got COVID-19 and died.,"March 26, 2020",Viral image,false
198,"“Illinois lags way behind all of our neighbors and certainly we’re in the bottom tier of states that are doing testing.""","April 7, 2020",Lori Lightfoot,half-true
199,"""The Postal Service is not losing money because of Amazon. It’s losing money because in 2006, the Republican-led Congress passed a law forcing it to prepay its pensions for 75 years, which no other corporation does ... Without this law, the Postal Service would be turning a profit.”","April 13, 2020",AFL-CIO,half-true
200,Images show COVID-19 victims being buried in mass graves in New York City.,"April 10, 2020",Facebook posts,mostly-true
201,"“Corona is so bad, this guy died twice!”
 ","April 13, 2020",Viral image,false
202,"”If you line up all the countries that have done (Covid-19) testing on a per-capita basis, we’re at the bottom of the list.”","April 2, 2020",Bobby Scott,false
203,Says a video shows a “gay party in Italy few weeks before COVID-19.”,"April 10, 2020",Viral image,false
204,"Says the Asian, Hong Kong, swine and bird flus each “killed more people than coronavirus.”","April 6, 2020",Facebook posts,false
205,Says as president he has “total” authority to re-open states amid the COVID-19 pandemic.,"April 13, 2020",Donald Trump,pants-fire
206,Says there’s an 800 number you can call to track the status of your stimulus check.,"March 31, 2020",Facebook posts,pants-fire
207,“Michigan Governor Gretchen Whitmer bans buying US flags during lockdown.”,"April 13, 2020",Facebook posts,false
208,"Gov. Andrew Cuomo “was simply saying if we can share 20 percent of your excess, your non-used ventilators, to help people in other parts of the state on a voluntary basis, that would be great. Of course, there was a reaction to that, which was not positive.""","April 8, 2020",Kathy Hochul,pants-fire
209,“Everyone is only dying of coronavirus now.”,"April 6, 2020",Candace Owens,false
210,"""The president looks like he was ahead of the curve – as you know, he talks about this all the time – on shutting down travel from China.""","April 13, 2020",Rick Santorum,barely-true
211,"“Church services can’t resume until we’re all vaccinated, says Bill Gates.”","April 9, 2020",Bloggers,false
212,"Say televangelist Pat Robertson said some young people “are doing all kinds of unnatural things with their sex organs. When people do that, they transfer all kinds of chemicals from ladies’ private parts and that’s where I think the (corona)virus came from.”","April 5, 2020",Tweets,pants-fire
213,"""It is the decision of the President,"" not governors, to ""open up the states.""","April 13, 2020",Donald Trump,false
214,"Says CEOs got advance notice of COVID, then resigned to dump stock.","March 29, 2020",Facebook posts,false
215,Says video of body bags being dumped in a ditch shows the “situation in Italy” due to the coronavirus.,"March 27, 2020",Facebook posts,false
216,“Mass vaccination for COVID-19 in Senegal was started yesterday (4/8) and the first 7 CHILDREN who received it DIED on the spot.”,"April 10, 2020",Facebook posts,false
217,"""45 nations had already moved” to enforce travel restrictions with China “before the president moved.”","April 5, 2020",Joe Biden,half-true
218,"Says of COVID-19 that Dr. Anthony Fauci ""was telling people on February 29th that there was nothing to worry about and it posed no threat to the US public at large.""","April 12, 2020",DeAnna Lorraine,barely-true
219,Suggests Trump urged sick people to get out and vote during COVID-19 pandemic,"April 4, 2020",Tweets,false
220,"“It has been estimated that only 12% of workers in businesses that are likely to stay open during this crisis are receiving paid sick leave benefits as a result of the second coronavirus relief package.""","April 8, 2020",Bernie Sanders,mostly-true
221,“Same little boy died of COVID-19 in three different countries. Still don’t believe the media is #fakenews?”,"April 6, 2020",Facebook posts,pants-fire
222,“‘Private’ messages sent to individual people during a Zoom meeting show up in the end-of-meeting transcript along with all other public messages.”,"April 4, 2020",Viral image,half-true
223,Says a photo shows South Carolina after stay-at-home orders were announced.,"April 6, 2020",Facebook posts,false
224,Says Robin Vos wore protective gear that “election workers he forced to work … do not have.”,"April 7, 2020","Facebook posts
 ",barely-true
225,"""This particular pandemic is one where I don’t think nationwide, there’s been a single fatality under 25.""","April 9, 2020",Ron DeSantis,pants-fire
226,Says fluid milk production limitations mean grocery stores are short on milk even as farmers are dumping it,"April 3, 2020",Facebook posts,half-true
227,"Says Donald Trump ""himself has a financial stake in the French company that makes the brand-name version of hydroxychloroquine.”","April 7, 2020",Facebook posts,half-true
228,"“The CDC issued its first warning on Jan 8. Trump held campaign rallies on Jan 9, Jan 14, Jan 28, Jan 30, Feb 10, Feb 19, Feb 20, Feb 21, & Feb 28. He golfed on Jan 18, Jan 19, Feb 1, Feb 15, Mar 7, Mar 8. The first time he admitted the coronavirus might be a problem was Mar 13.”","March 31, 2020",Facebook posts,half-true
229,Says a pandemic occurs exactly every 100 years.,"March 24, 2020",Facebook posts,false
230,"Says “Bill Gates and other globalists, in collaboration with pharmaceutical companies, are reportedly working to push tracking bracelets and ‘invisible tattoos’ to monitor Americans during an impending lockdown.”","March 18, 2020",Instagram posts,barely-true
231,"Says Rudy Giuliani ""bought $2M in shares of Novartis, a primary supplier of hydroxychloroquine"" in early February.","April 5, 2020",Tweets,false
232,"“While all COVID-19 news has been going on, the U.S. Government has been sneakily trying to remove end-to-end encryption” which means “the government will be able to see all of your messages and listen to all of your calls.”","March 17, 2020",Instagram posts,barely-true
233,People are handing out masks “doused with chemicals which knocks you out cold” so they can rob you.,"April 5, 2020",Viral image,false
234,"“In Italy, they have thrown their money on the streets. A clear message to the whole world that money is not enough when health is in danger.”","April 5, 2020",Facebook posts,false
235,"Says a California surfer was “alone, in the ocean,” when he was arrested for violating the state’s stay-at-home order.","April 8, 2020",Viral image,mostly-true
236,"“North Carolina & Virginia State line is closed. Nothing in or out.""","April 6, 2020",Facebook posts,pants-fire
237,Says this poem about people staying home was written by Kathleen O’Mara in 1869.,"April 6, 2020",Facebook posts,false
238,"Says of the coronavirus threat, “there was not a single suggestion by anyone, a doctor, a scientist, a political figure, that we needed to cancel Mardi Gras.”","April 5, 2020",John Bel Edwards,true
239,"“Non-essential people get to file for unemployment and make two to three times more than normal,” but essential workers still on the job get no pay raise.","April 1, 2020",Facebook posts,half-true
240,“59 people die as pastor gives them dettol to drink in church to prevent coronavirus.”,"April 6, 2020",Viral image,false
241,The Obama administration left Trump with a “stockpile with a cupboard that was bare.”,"April 6, 2020",Donald Trump,barely-true
242,"“If you’ve let somebody claim your kids for income tax purposes, you will not receive a stimulus check. The person who claimed your kids is gonna get it.”","March 31, 2020",Viral image,half-true
243,Says video shows “the Chinese are destroying the 5G poles as they are aware that it is the thing triggering the corona symptoms.”,"April 2, 2020",Viral image,false
244,Says Goodwill used the pandemic “to fire all of their employees instead of laying them off.”,"April 2, 2020",Facebook posts,false
245,Says Queen Elizabeth said Philippine President Rodrigo Duterte “is the kind of leader who knows the way .... Filipinos are very lucky to have him.”,"April 6, 2020",Viral image,pants-fire
246,“The Chinese Communist Party is using Zoom as a way to spy on our citizens.”,"April 3, 2020",Charlie Kirk,barely-true
247,Photo shows a crowded New York City subway train during stay-at-home order.,"April 2, 2020",Viral image,true
248, “Pelosi tried to block voter ID/absentee ballot protections.”,"March 26, 2020",David Lewis,half-true
249,"“Now, they’re doing tests on airlines — very strong tests — for getting on, getting off. They’re doing tests on trains — getting on, getting off.”","April 1, 2020",Donald Trump,pants-fire
250,“Rivers in Oklahoma are full of catfish carrying the virus.”,"April 2, 2020",Viral image,false
251,Says the NBA is asking Donald Trump to “resign or we’ll never play again.”,"April 5, 2020",Bloggers,pants-fire
252,"“Unemployment now pays $24/hour, even if your wages were lower. Why don’t ‘essential’ people forced to still work get $24, too?”","March 29, 2020",Facebook posts,half-true
253,Says Nostradamus predicted the coronavirus in a 1551 passage about a plague spreading from the east.,"April 2, 2020",Facebook posts,false
254,"The government is closing businesses to stop the spread of coronavirus even though ""the numbers are nothing compared to H1N1 or Ebola. Everyone needs to realize our government is up to something ...”","March 16, 2020",Facebook posts,pants-fire
255,“Joe Exotic tests positive for coronavirus in prison. It’s been confirmed.”,"April 3, 2020",Bloggers,false
256,Says a “5G LAW PASSED while everyone was distracted” with the coronavirus pandemic and lists 20 symptoms associated with 5G exposure.,"March 28, 2020",Facebook posts,barely-true
257,"Says for otherwise healthy people “experiencing mild to moderate respiratory symptoms with or without a COVID-19 diagnosis … only high temperatures kill a virus, so let your fever run high,” but not over 103 or 104 degrees.","March 28, 2020","Facebook posts
 ",barely-true
258,Pictures and reports of “empty hospitals” prove COVID-19 spread is “fake crisis for real government planned agendas.”,"March 28, 2020",Facebook posts,false
259,"“There was no effort” to get American experts into China after it announced the coronavirus, and “we had one person in-country (and Trump) pulled him out of the country.”","March 27, 2020",Joe Biden,barely-true
260,Says Nancy Pelosi’s “daughter is on the board of the Kennedy Center so that’s why it was so important to send them all that money.”,"March 30, 2020",Facebook posts,false
261,"“In Chicago, Covid-19 actually LOWERED the death rate.”","March 22, 2020",Facebook posts,false
262,"“This lady here applied sanitizer to her hands/forearms & went to the kitchen to cook. The moment she turned on the gas stove, her hands caught fire due to the alcohol contained in the sanitizer.”","March 23, 2020",Facebook posts,false
263,"“We were slow with the testing, but very quick with the travel ban. And that's been much more critical in saving lives.”","March 31, 2020",Jesse Watters,false
264,Says the U.S. is developing an “antivirus” that includes a chip to track your movement.,"March 16, 2020",Facebook posts,pants-fire
265,"Says for the coronavirus, “the death rate in Texas, per capita of 29 million people, we're one of the lowest in the country.""","March 31, 2020",Dan Patrick,mostly-true
266,"Says the governors of Michigan, New York and Nevada “have issued orders banning the prescription of hydroxychloroquine to patients with COVID-19.”","March 29, 2020",Facebook posts,false
267,"Says Italy arrested a doctor “for intentionally killing over 3,000 coronavirus patients.”","March 31, 2020",Bloggers,pants-fire
268,"“On February 7, the WHO warned about the limited stock of PPE. That same day, the Trump administration announced it was sending 18 tons of masks, gowns and respirators to China.”","March 31, 2020",Facebook posts,true
269,“Queen Elizabeth tests positive for COVID-19.”,"March 28, 2020",Bloggers,false
270,Says COVID-19 remains in the air for eight hours and that everyone is now required to wear masks “everywhere.”,"March 28, 2020",Facebook posts,false
271,“if your child gets this virus their going to hospital alone in a van with people they don’t know...to be with people they don’t know… you will be at home without them in their time of need.”,"March 25, 2020",Viral image,pants-fire
272,“They’re furloughing nurses in hospitals in western New York state.”,"March 27, 2020",Jerome Adams,false
273,"Says President Donald Trump will announce that a scientist ""finally found vaccine to cure corona virus.""","March 24, 2020",Bloggers,pants-fire
274,"Says Ron Johnson said Americans should go back to work, because ""death is an unavoidable part of life.""","March 31, 2020",Facebook posts,half-true
275,"Says North Carolina ""hospital beds are typically 85% full across the state.”","March 19, 2020",Jeff Jackson,half-true
276,"Says Italian Prime Minister Giuseppe Conte said, “We have lost control, we have killed the epidemic physically and mentally. Can’t understand what more we can do, all solutions are exhausted on ground. Our only hope remains up in the Sky, God rescue your people.”","March 22, 2020",Facebook posts,pants-fire
277,“My mask will keep someone else safe and their mask will keep me safe.”,"March 28, 2020",Pat Toomey,true
278,"“We’ve got to give the American public a rough estimate of how long we think this is going to take, based mostly on the South Korean model, which seems to be the trajectory that we are on, thankfully, and not the Italian model.”","March 23, 2020",Brian Fitzpatrick,half-true
279,"Shows a waitress saying, ""I lost my job. But I'll sleep better knowing” that the coronavirus relief bill included funding for the Kennedy Center, refugee resettlement, PBS, and congressional salaries: “Thanks, Democrats”","March 27, 2020",Facebook posts,barely-true
280,Says students have to repeat the same grade next year.,"March 31, 2020",Facebook posts,pants-fire
281,"Says a study projects Wisconsin’s coronavirus cases will peak on April 26, 2020","March 29, 2020",Facebook posts,mostly-true
282,“We inherited a broken test” for COVID-19.,"March 30, 2020",Donald Trump,pants-fire
283,Says certain states are banning the sale of alcohol.,"March 30, 2020",Facebook posts,false
284,"Says the Coronavirus Aid, Relief, and Economic Security Act gives members of Congress a pay increase.","March 20, 2020",Facebook posts,pants-fire
285,"“I didn’t say that” some of the medical equipment that governors are requesting, they don't actually need.","March 29, 2020",Donald Trump,pants-fire
286,“COVID literally stands for Chinese Originated Viral Infectious Disease.”,"March 25, 2020",Viral image,pants-fire
287,"Says imposters in hazmat suits are going door to door in Stockton, Calif., saying they are checking residents for fever or COVID-19, but they “will enter your home and physically attempt robbery.”","March 19, 2020",Facebook posts,false
288,"Says Nevada Gov. Steve Sisolak ""has banned the use of an anti-malaria drug that might help cure coronavirus.”","March 25, 2020",Turning Point USA,barely-true
289,"Speaking of his restriction on travel from China, “I had (Joe) Biden calling me xenophobic. … He called me a racist, because of the fact that he felt it was a racist thing to stop people from China coming in.”","March 26, 2020",Donald Trump,barely-true
290,Says to leave objects in the sun to avoid contracting the coronavirus.,"March 25, 2020",Facebook posts,false
291,"Says that under order from Gov. Tony Evers, he and his eight children can’t legally have dinner together anymore.","March 24, 2020",Duey Stroebel,half-true
292,Says the CDC now says that the coronavirus can survive on surfaces for up to 17 days.,"March 23, 2020",Facebook posts,false
293,Says truck drivers are being turned away from fast-food restaurants during the COVID-19 pandemic.,"March 20, 2020",Facebook posts,mostly-true
294,"“China is to blame because the culture where people eat bats and snakes and dogs and things like that, these viruses are transmitted from the animal to the people and that's why China has been the source of a lot of these viruses like SARS, like MERS, the Swine Flu and now the coronavirus.”","March 18, 2020",John Cornyn,false
295,“Donald Trump would receive $17 million for three hotels closed for four days under Republican bill! How in the hell is this right?!”,"March 23, 2020",Facebook posts,false
296,"“All schools in Canada are closed for the rest of the school year, each family will receive $950 every two weeks for the next 15 weeks, banks were notif(ied) to suspend mortgage payments for at least 6 months, and student loans deferred.”","March 21, 2020",Facebook posts,half-true
297,“Australia Closing Borders in a few hours for 6-months”,"March 20, 2020",Facebook posts,half-true
298,An audio message lists five ways people can prevent the novel coronavirus.,"March 23, 2020",Chain message,false
299,“Bill Gates told us about the coronavirus in 2015.”,"March 15, 2020",Facebook posts,mostly-true
300,Says a military Humvee labeled “COVID-19 quarantine team” was on Interstate 696 in Michigan.,"March 16, 2020",Viral image,false
301,"""If you are in Las Vegas and you get a knock on your door from NV Power, 2020 Census or CVD-19 testers, do not open your door. They are robbing people at gunpoint.""","March 21, 2020",Facebook posts,false
302,“Boil some orange peels wit cayenne pepper in it stand over the pot breathe in the steam so all that mucus can release from yo nasal… MUCUS is the problem its where THE VIRUS LIVES!!!”,"March 22, 2020",Facebook posts,pants-fire
303,"Says N.Y. Gov. Andrew Cuomo “rejected buying recommended 16,000 ventilators in 2015 for the pandemic, for a pandemic, established death panels and lotteries instead. So, he had a chance to buy, in 2015, 16,000 ventilators at a very low price, and he turned it down.”","March 24, 2020",Donald Trump,false
304,Says Gov. Tony Evers is “pushing firearm confiscation orders”,"March 24, 2020",Facebook posts,pants-fire
305,Says Nancy Pelosi’s coronavirus bill includes “tax credits for solar and wind energy … retirement plans for community newspaper employees … $300 million for PBS … climate change studies” and more.,"March 24, 2020",Donald Trump,mostly-true
306,“Fish tank additive may treat coronavirus.”,"March 20, 2020",Bloggers,false
307,"""Slices of lemon in a cup of hot water can save your life. The hot lemon can kill the proliferation of"" the novel coronavirus.","March 23, 2020",Chain message,false
308,Says Russia unleashed more than 500 lions on its streets to ensure that people are staying indoors during this pandemic outbreak.,"March 21, 2020",Instagram posts,pants-fire
309,Says it was “unquestionably” not within his “legal authority” to postpone Illinois’ primary election by changing the date or shifting to vote-by-mail.,"March 17, 2020",JB Pritzker,mostly-true
310,“Putin has stated: Russian citizens (have) 2 options: Stay home for 15 days or in jail for 5 years.”,"March 23, 2020",Instagram posts,false
311,"""U.S. deaths since 1/22 (2020): COVID-19: 27, flu, 4,700; abortion: 118,000.""","March 17, 2020",Facebook posts,barely-true
312,Quotes Joe Biden as saying “people who have never died before are now dying from coronavirus.”,"March 21, 2020",Facebook posts,pants-fire
313,"Says ""special military helicopters will spray pesticide against the Corona virus in the skies all over the country.""","March 23, 2020",Chain message,false
314,Says businesses will give you free baby formula during the coronavirus outbreak.,"March 15, 2020",Facebook posts,pants-fire
315,"""Huge! Results From Breaking Chloroquine Study Show 100% Cure Rate For Patients Infected With The Coronavirus.""","March 19, 2020",Facebook posts,false
316,"“So Oscar Health, the company tapped by Trump to profit from covid tests, is a Kushner company. Imagine that, profits over national safety.”","March 15, 2020",Facebook posts,half-true
317,“Go to 2020census.gov and fill out this census form so you can get your stimulus check.”,"March 22, 2020",Facebook posts,false
318,Says longstanding Food and Drug Administration regulations “created barriers to the private industry creating a test quickly” for the coronavirus.,"March 13, 2020",Dan Crenshaw,true
319,“Wisconsin is the only state where all Republicans voted against protecting its citizens.”,"March 19, 2020",Facebook posts,mostly-true
320,“No city in the state can quarantine itself without state approval.”,"March 17, 2020",Andrew Cuomo,true
321,For coronavirus cases “in the U.S. 38% of those hospitalized are under 35.”,"March 19, 2020",Marco Rubio,barely-true
322,"The federal government is “preparing to mobilize the national guard,” “dispatch them across the US with military” and “announce a nationwide 1 week quarantine for all citizens.”","March 19, 2020",Chain message,false
323,“Sunlight actually can kill the (novel coronavirus.)”,"March 16, 2020",Greg Murphy,false
324,"2019 coronavirus can live for ""up to 3 hours in the air, up to 4 hours on copper, up to 24 hours on cardboard up to 3 days on plastic and stainless steel.”
 ","March 18, 2020",Facebook posts,mostly-true
325,“People are going door to door in Colorado Springs stating they are COVID testing so they can rob people!!!!”,"March 17, 2020",Facebook posts,false
326,"Says ""there is no"" COVID-19 virus.","March 19, 2020",Facebook posts,pants-fire
327,"Says that “over a 45-minute period that we had the press conference” on the coronavirus on March 13, 2020, the stock market set ""an all-time record.""","March 14, 2020",Donald Trump,half-true
328,Says coronavirus is just “the damn flu.”,"March 15, 2020",David A. Clarke Jr.,pants-fire
329,"The coronavirus ""snuck up on us,” adding that it is “a very unforeseen thing.”","March 18, 2020",Donald Trump,pants-fire
330,"Says President Donald Trump said, “People are dying who have never died before.”","March 18, 2020",Facebook posts,pants-fire
331,"""George Soros owns the WuXi PHARMA LAB located in Wuhan, China where COVID-19 was developed and conveniently Broke Out.""","March 15, 2020",Facebook posts,false
332,Says the New York Times exposed the “real reason behind coronavirus hype: Crash the market to harm Trump’s re-election chances.”,"March 13, 2020",Bloggers,pants-fire
333,"Says Donald Trump tweeted, “I ordered the Treasury secretary to send checks to Americans! First however, we will go through your social media history from the last 4 years and search for any post with #NotMyPresident in it. I wouldn’t think of offending you with a check if I’m not your president! #MAGA”","March 18, 2020",Viral image,pants-fire
334,"“I've always known this is a real, this is a pandemic. I've felt it was a pandemic long before it was called a pandemic.”","March 17, 2020",Donald Trump,pants-fire
335,"“President Trump, COVID-19 coronavirus: U.S. cases 1,329; U.S. deaths, 38; panic level: mass hysteria. President Obama, H1N1 virus: U.S. cases, 60.8 million; U.S. deaths, 12,469; panic level: totally chill. Do you all see how the media can manipulate your life.”","March 13, 2020",Viral image,barely-true
336,“Italy has decided not to treat their elderly for this virus.”,"March 14, 2020",Facebook posts,barely-true
337,"“All US citizens are entitled to $700 USD per week to stay at home to avoid the spread of COVID-19 novel coronavirus, starting from March 17.”","March 17, 2020",Facebook posts,false
338,"Says Anthony Fauci’s statement that the coronavirus death rate is 10 times that of the seasonal flu is “a claim without any scientific basis.""","March 16, 2020",Ron Paul,false
339,"""COVID-19 started because we eat animals.""","March 15, 2020",Instagram posts,barely-true
340,"“Now, as it stands, our health care system has adequate ventilators, ICU beds, medical professionals.”","March 16, 2020",Sean Hannity,barely-true
341,“MSNBC actually said on air ‘I hope enough people die from coronavirus that it harms Trump’s re-election.’”,"March 11, 2020",Facebook posts,false
342,"Says ""most"" NC legislators are in the ""high risk age group"" for coronavirus","March 11, 2020",Kelly Alexander,true
343,The WHO coronavirus test “was a bad test.”,"March 17, 2020",Donald Trump,false
344,In South Florida “all children and adults must remain in their homes” due to coronavirus.,"March 13, 2020",Facebook posts,pants-fire
345,President Donald Trump “will evoke (sic) what is called the Stafford act” and “order a two week mandatory quarantine for the nation.”,"March 16, 2020",Facebook posts,false
346,"Says Donald Trump “cut funding to the CDC,” “fired the Pandemic Response Team,” “refused WHO tests” and “wasted two weeks calling this outbreak a ‘Democrat hoax.’”","March 15, 2020",Instagram posts,barely-true
347,Donald Trump is “announcing tomorrow that the US is going into quarantine for the next 14 days.”,"March 16, 2020",Chain message,false
348,Says Spectrum will provide free internet to students during coronavirus school closures.,"March 13, 2020",Viral image,true
349,"Silver Solution used on strains of coronavirus ""totally eliminate it. Kills it. Deactivates it.”","February 12, 2020",Sherill Sellman,pants-fire
350,The World Health Organization offered the testing kits that they have available and to give it to us now. We refused them. We did not want to buy them.”,"March 15, 2020",Joe Biden,barely-true
351,“Coronavirus — 22. Clintons — 39.”,"March 9, 2020",Facebook posts,pants-fire
352,Says COVID-19 came to the United States in 2019.,"March 12, 2020",Facebook posts,false
353,“The CDC can detain anyone with a fever — indefinitely. … Vaccination (is) a way people could get out of detention.”,"March 12, 2020",Bloggers,false
354,“‘The Simpsons' predicted Tom Hanks getting coronavirus in 2007.”,"March 12, 2020",Facebook posts,false
355,Says Nancy Pelosi was “caught trying to include abortion funding in bill to combat coronavirus.”,"March 12, 2020",Bloggers,false
356,Drinking “water a lot and gargling with warm water & salt or vinegar eliminates” the coronavirus.,"March 13, 2020",Viral image,false
357,Video shows President Donald Trump saying COVID-19 is Democrats’ “new hoax.”,"March 3, 2020",Joe Biden,false
358,"Says Joe Biden “was in charge of the H1N1 Swine Flu epidemic which killed thousands of people. The response was one of the worst on record. Our response is one of the best, with fast action of border closings & a 78% Approval Rating, the highest on record. His was lowest!""","March 12, 2020",Donald Trump,barely-true
359,"“Some states are only getting 50 tests per day, and the Utah Jazz got 58.”","March 12, 2020",Michael Dougherty,true
360,"Says 80% of novel coronavirus cases are ""mild.""","March 9, 2020",Viral image,mostly-true
361,"“During the 2009 swine flu outbreak, Biden made reckless comments unsupported by science & the experts. The Obama Admin had to clean up his mess & apologize for his ineptitude.”","March 12, 2020",Donald Trump,mostly-true
362,Says you can monitor yourself for COVID-19 with a breath test.,"March 10, 2020",Viral image,false
363,"“U.S. hospitals are preparing for 96 million coronavirus infections and nearly half a million deaths, leaked documents reveal.”","March 7, 2020",Facebook posts,false
364,“It’s actually the safest time to fly.”,"March 13, 2020",Ainsley Earhardt,false
365,"Says if you donate blood, “they HAVE to test you” for coronavirus.","March 12, 2020",Viral image,false
366,"""Akira’ is a 1988 movie about an apocalyptic event taking place months before Tokyo 2020 Olympics, showing the (World Health Organization) advising Japan to postpone the Olympics because of a pandemic risk""","February 27, 2020",Viral image,false
367,"Of the Trump administration’s European travel restrictions that exempt the U.K.: “Well, you can just get into the Chunnel, and you’ll be in the U.K.”","March 12, 2020",Nancy Pelosi,half-true
368,"“(Barack Obama) set up anti-pandemic programs in 47 vulnerable countries as a way to protect against something like the coronavirus, exactly. Do you know that Trump closed 37 of them?”","March 9, 2020",Joy Behar,false
369,Says Tom Hanks has a volleyball to keep him company while he’s quarantined.,"March 12, 2020",Viral image,false
370,The health insurance industry has “agreed to waive all co-payments for coronavirus treatments.”,"March 11, 2020",Donald Trump,false
371,“NYC man drops dead in middle of street — suspected coronavirus!”,"March 11, 2020",Bloggers,false
372,“Whole of Italy goes into quarantine.”,"March 10, 2020",Bloggers,true
373,Says Harvard scientists say the coronavirus is “spreading so fast that it will infect 70% of humanity this year.”,"March 10, 2020",Viral image,half-true
374,“Anybody that wants a test (for the coronavirus) can get a test.”,"March 6, 2020",Donald Trump,pants-fire
375,"If the coronavirus gets in your mouth, ""drinking water or other liquids will WASH them down through your esophagus and into the stomach. Once there in tummy ... your stomach ACID will kill all the virus.""","March 6, 2020",Facebook posts,false
376,"""Being exposed to the sun for two hours"" kills the 2019 coronavirus.","March 9, 2020",Facebook posts,false
377,Says Daniel Radcliffe has the coronavirus.,"March 10, 2020",Tweets,pants-fire
378,“More people have died from knowing Hillary” than coronavirus.,"March 7, 2020",Gae Magnafici,pants-fire
379,“Every election year has a disease” ... SARS in 2004; avian flu in 2008; swine flu in 2010; MERS in 2012; Ebola in 2014 and 2018; Zika in 2016 and the coronavirus in 2020.,"February 28, 2020",Facebook posts,false
380,“You’re more likely to die of influenza right now” than the 2019 coronavirus.,"on February 3,",Dr. Drew Pinsky,half-true
381,Says Nancy Pelosi delayed coronavirus funding so “Dems could campaign on it.”,"March 6, 2020",Bloggers,barely-true
382,“President Trump has come into contact with a potential coronavirus sufferer!”,"March 9, 2020",Facebook posts,barely-true
383,“The coronavirus was invented and patented in the USA and then planted in China.”,"February 19, 2020",YouTube videos,false
384,“People Of Color May Be Immune To The Coronavirus Because Of Melanin.”,"February 22, 2020",Facebook posts,false
385,The coronavirus is “simply the common cold.”,"March 1, 2020",Facebook posts,false
386,“Coronavirus Hoax: Fake Virus Pandemic Fabricated to Cover-Up Global Outbreak of 5G Syndrome.”,"March 2, 2020",Facebook posts,false
387,"“With regard to the cost, let me be very clear: HHS has designated the coronavirus test as an essential health benefit. That means, by definition, it's covered in the private health insurance of every American, as well as covered by Medicare and Medicaid.""","March 4, 2020",Mike Pence,half-true
388,"Says Donald Trump tweeted, “Corona vaccine from Israel! Stock market up! Economy even stronger now! Besides US, Israel best at inventions: Judaism, olives. Wonderful vaccine, will stop Corona DEAD around world. Can’t make vaccines when being bombed, not have been possible without peace I created in Israel!”","March 5, 2020",Viral image,false
389,"The Obama administration ""didn't do anything about” swine flu.","March 4, 2020",Donald Trump,false
390,“The Obama administration made a decision on testing that turned out to be very detrimental to what we’re doing” on the coronavirus.,"March 4, 2020",Donald Trump,false
391,"The media “pulled down an entire shelf of goods so that they can present the news of people buying stuff in a hysteria over the coronavirus.""","March 4, 2020",Facebook posts,pants-fire
392,Starting in March if you travel outside of the United States you won’t be allowed back in the country “due to high risk of the coronavirus.”,"February 27, 2020",Facebook posts,false
393,"“The State of Florida has announced measures that all workplaces with 10 employees or more are to have paid mandatory leave to avoid the spread of COVID-19 coronavirus starting on March 6, 2020. All schools are to close for 2 weeks also from March 6th.”","March 4, 2020",Facebook posts,false
394,Says the Vatican reports that Pope Francis tested negative for the coronavirus before a second test came back positive.,"March 3, 2020",Bloggers,false
395,Quotes Sen. Lindsey Graham as saying President Trump “probably knows more about medicine and specifically viruses than any of the so-called scientists at the NIH and CDC.”,"March 2, 2020",Facebook posts,pants-fire
396,"The United States is “actually screening fewer people (for the coronavirus than other countries) because we don't have appropriate testing.""","March 2, 2020",Lou Dobbs,mostly-true
397,"“The blood test for coronavirus costs $3,200.”","February 27, 2020",Facebook posts,barely-true
398,"“Man visited Albany, N.Y. days before dying from coronavirus.”","March 4, 2020",Facebook posts,false
399,Says President Barack Obama “waited six months to call swine flu an emergency after thousands died.”,"February 29, 2020",Facebook posts,false
400,"Says two patients at Valley Regional Medical Center in Brownsville, Texas, “are being looked at” for possible coronavirus infections.","March 2, 2020",Viral image,false
401,Says no one has died from the coronavirus in the United States.,"March 1, 2020",Instagram posts,false
402,Says President Donald Trump spawned the “Wuhan super virus outbreak under code name ‘zyphr.’”,"February 24, 2020",YouTube videos,pants-fire
403,“Shands Hospital of Gainesville Florida has confirmed its first case of coronavirus.”,"March 1, 2020",Viral image,false
404,“The coronavirus has made it to Mississippi and the lady that caught it wasn’t around nobody with it which means it is airborne. That means if the wind blows it your direction you’ll have it also.”,"February 28, 2020",Facebook posts,false
405,Says a photo shows a man wearing a “government issue Saint Laurent hazardous materials suit.”,"March 1, 2020",Viral image,false
406,“In ‘Resident Evil’ the Umbrella Corporation releases a virus that infects the people of Raccoon City. A biological research lab with the exact same logo as the Umbrella Corporation can be found in the city where the coronavirus outbreak originated.”,"January 27, 2020",Facebook posts,false
407,"""Sanitizer will do nothing for the coronavirus.""","March 2, 2020",Facebook posts,false
408,"”America has been vaccinating cattle for coronavirus for years, yet the news tells you it’s new and gunna kill you all so go buy mask.”","February 27, 2020",Facebook posts,false
409,Says the Vatican confirmed that Pope Francis and two aides tested positive for coronavirus.,"February 29, 2020",YouTube videos,pants-fire
410,“Florida hospital reports a coronavirus ‘infestation’ with multiple confirmed patients.”,"March 1, 2020",YourContent,false
411,"""Poll Finds 38% of Americans Say They Will Not Drink Corona Beer Because of Virus.""","February 28, 2020",Facebook posts,false
412,The mortality rate for the flu is “right around” that of the new coronavirus: “It’s right around 2%.”,"February 25, 2020",Chad Wolf,false
413,“Hair weave and lace fronts manufactured in China may contain the coronavirus.”,"February 26, 2020",Bloggers,pants-fire
414,Says the coronavirus can be slowed or stopped with the “immediate widespread use of high doses of vitamin C.”,"January 27, 2020",Facebook posts,false
415,“Three Chinese nationals were apprehended trying to cross our Southern border illegally. Each had flu-like symptoms. Border Patrol quickly quarantined them and assessed any threat of coronavirus.”,"February 24, 2020",Charlie Kirk,mostly-true
416,“Corona virus: Florida man arrested for robbery using cough as a weapon.”,"February 26, 2020",Facebook posts,pants-fire
417,"Says of President Donald Trump’s actions on the coronavirus: “No. 1, he fired the pandemic team two years ago. No. 2, he's been defunding the Centers for Disease Control.”","February 26, 2020",Michael Bloomberg,half-true
418,Says the CDC recommends men shave their beards to protect against coronavirus.,"February 26, 2020",Facebook posts,false
419,"“The coronavirus is the common cold, folks.”","February 24, 2020",Rush Limbaugh,false
420,“If you have the Flu… get these two items… Sambucol (and) Oscillococcinum… in 48 hours you will feel better. In 72 hours you will be almost symptom-free.”,"November 15, 2019",Facebook posts,barely-true
421,Says “The Simpsons” predicted the coronavirus.,"February 20, 2020",Viral image,pants-fire
422,"High levels of sulfur dioxide in Wuhan “may be a sign of mass cremations of victims of the coronavirus.""","February 15, 2020",Facebook posts,pants-fire
423,"Coronavirus patients are being ""cremated alive"" in China.","February 25, 2020",Facebook posts,false
424,Says the 2008 book “End of Days” predicted the current coronavirus outbreak.,"February 19, 2020",Viral image,false
425,Says 20 million Chinese converted to Islam after it’s proven that the coronavirus doesn’t affect Muslims.,"February 18, 2020",Viral image,pants-fire
426,“Breaking: UK Prepares For Full Lockdown After Hundreds Of New Cases — Wuhan Super Virus Updates.”,"February 11, 2020",Facebook posts,false
427,"Scientists ""are shocked to discover that weed kills corona virus”","February 3, 2020",Instagram posts,pants-fire
428,“When using a medical mask you’re supposed to use… white side out (this is the filter part) for when you’re not sick.”,"February 2, 2020",Facebook posts,false
429,"Says the 2019 coronavirus ""causes sudden death syndrome.""","February 8, 2020",Facebook posts,false
430,Says the coronavirus is “a MILITARY BIO-WEAPON Developed by China's Army.”,"February 1, 2020",Hal Turner Radio Show,false
431,"“Cocaine kills corona virus, scientists is shocked to discover that this drug can fight the virus.”","January 30, 2020",Facebook posts,pants-fire
432,"Says ""the coronavirus was engineered by scientists in a lab.""","February 3, 2020",NaturalNews.com,false
433,Says the coronavirus isn’t new because “Lysol has it listed as one of the viruses that it kills.”,"January 31, 2020",Viral image,false
434,Event 201 “gave out stuffed souvenir coronavirus toys” to “commemorate” Novel coronavirus outbreak,"January 27, 2020",Facebook posts,barely-true
435,Says drinking a bleach solution will prevent you from getting the coronavirus.,"January 28, 2020",Tweets,pants-fire
436,"Says a ""Clorox bottle claimed it could kill (the 2019 coronavirus)... before it was developed.""","January 28, 2020",Facebook posts,false
437,"Says the Chinese Communist Party ""will finally admit that the real source of the coronavirus is from ‘a lab in Wuhan’ linked to its covert biological weapon programs.""","January 25, 2020",Bloggers,false
438,"""CORONAVIRUS: Reports of 10,000 DEAD in Wuhan, China.""","January 24, 2020",Facebook posts,pants-fire
439,"Says China ""stole Coronavirus from Canada and weaponized it into a Bioweapon.""","January 26, 2020",Bloggers,false
440,"Says a coronavirus patent expired just as there is a ""sudden outbreak"" and, despite ""media fear-mongering,"" there is already a vaccine available.","January 22, 2020",Facebook posts,pants-fire
